Designator,Val,Package,Mid X,Mid Y,Rotation,Layer
C201,100p,C_0603_1608Metric_Pad1.08x0.95mm_HandSolder,21.336,-182.626,90.0,top
C202,470n,C_0805_2012Metric_Pad1.18x1.45mm_HandSolder,17.018,-178.054,90.0,top
C203,470n,C_0805_2012Metric_Pad1.18x1.45mm_HandSolder,41.148,-204.724,90.0,top
C204,470n,C_0805_2012Metric_Pad1.18x1.45mm_HandSolder,56.134,-179.07,90.0,top
C205,100p,C_0603_1608Metric_Pad1.08x0.95mm_HandSolder,51.816,-191.516,-90.0,top
C206,100n,C_0603_1608Metric_Pad1.08x0.95mm_HandSolder,49.276,-177.8,90.0,top
C207,100n,C_0603_1608Metric_Pad1.08x0.95mm_HandSolder,56.134,-203.0465,-90.0,top
C208,470n,C_0805_2012Metric_Pad1.18x1.45mm_HandSolder,58.928,-207.1635,-90.0,top
C209,100n,C_0603_1608Metric_Pad1.08x0.95mm_HandSolder,47.752,-187.706,90.0,top
C301,10p,C_0603_1608Metric_Pad1.08x0.95mm_HandSolder,116.4224,-77.846,-90.0,top
C302,10p,C_0603_1608Metric_Pad1.08x0.95mm_HandSolder,133.1864,-87.1135,90.0,top
C303,10p,C_0603_1608Metric_Pad1.08x0.95mm_HandSolder,110.0724,-77.846,-90.0,top
C304,10p,C_0603_1608Metric_Pad1.08x0.95mm_HandSolder,165.3174,-77.846,90.0,top
C305,100n,C_0603_1608Metric_Pad1.08x0.95mm_HandSolder,127.4714,-82.164,-90.0,top
C306,100n,C_0603_1608Metric_Pad1.08x0.95mm_HandSolder,139.5364,-93.34,90.0,top
C401,10p,C_0603_1608Metric_Pad1.08x0.95mm_HandSolder,116.446,-121.998,-90.0,top
C402,10p,C_0603_1608Metric_Pad1.08x0.95mm_HandSolder,133.21,-131.2655,90.0,top
C403,10p,C_0603_1608Metric_Pad1.08x0.95mm_HandSolder,110.096,-121.998,-90.0,top
C404,10p,C_0603_1608Metric_Pad1.08x0.95mm_HandSolder,165.341,-121.998,90.0,top
C405,100n,C_0603_1608Metric_Pad1.08x0.95mm_HandSolder,127.495,-126.316,-90.0,top
C406,100n,C_0603_1608Metric_Pad1.08x0.95mm_HandSolder,139.56,-137.492,90.0,top
C501,10p,C_0603_1608Metric_Pad1.08x0.95mm_HandSolder,116.446,-166.128,-90.0,top
C502,10p,C_0603_1608Metric_Pad1.08x0.95mm_HandSolder,133.21,-175.3955,90.0,top
C503,10p,C_0603_1608Metric_Pad1.08x0.95mm_HandSolder,110.096,-166.128,-90.0,top
C504,10p,C_0603_1608Metric_Pad1.08x0.95mm_HandSolder,165.341,-166.128,90.0,top
C505,100n,C_0603_1608Metric_Pad1.08x0.95mm_HandSolder,127.495,-170.446,-90.0,top
C506,100n,C_0603_1608Metric_Pad1.08x0.95mm_HandSolder,139.56,-181.622,90.0,top
C601,470n,C_0805_2012Metric_Pad1.18x1.45mm_HandSolder,33.782,-76.962,-90.0,top
C602,220p,C_0603_1608Metric_Pad1.08x0.95mm_HandSolder,20.828,-75.692,90.0,top
C603,1.2n,C_0603_1608Metric_Pad1.08x0.95mm_HandSolder,38.862,-104.902,-90.0,top
C604,1.2n,C_0603_1608Metric_Pad1.08x0.95mm_HandSolder,44.831,-104.902,90.0,top
C605,220p,C_0603_1608Metric_Pad1.08x0.95mm_HandSolder,49.276,-99.568,-90.0,top
C606,470n,C_0805_2012Metric_Pad1.18x1.45mm_HandSolder,69.088,-63.5,-90.0,top
C607,1.2n,C_0603_1608Metric_Pad1.08x0.95mm_HandSolder,55.118,-116.586,-90.0,top
C608,220p,C_0603_1608Metric_Pad1.08x0.95mm_HandSolder,31.496,-101.092,-90.0,top
C610,1.2n,C_0603_1608Metric_Pad1.08x0.95mm_HandSolder,31.75,-116.078,-90.0,top
C612,100n,C_0603_1608Metric_Pad1.08x0.95mm_HandSolder,37.657,-83.566,90.0,top
C613,100n,C_0603_1608Metric_Pad1.08x0.95mm_HandSolder,37.592,-98.552,90.0,top
C614,220p,C_0603_1608Metric_Pad1.08x0.95mm_HandSolder,28.448,-116.078,90.0,top
C615,100n,C_0603_1608Metric_Pad1.08x0.95mm_HandSolder,49.276,-108.966,90.0,top
C616,100n,C_0603_1608Metric_Pad1.08x0.95mm_HandSolder,37.592,-119.888,90.0,top
C701,100n,C_0603_1608Metric_Pad1.08x0.95mm_HandSolder,68.58,-75.184,-90.0,top
C702,100n,C_0603_1608Metric_Pad1.08x0.95mm_HandSolder,40.132,-67.9185,90.0,top
C801,470n,C_0805_2012Metric_Pad1.18x1.45mm_HandSolder,73.152,-92.71,90.0,top
C802,470n,C_0805_2012Metric_Pad1.18x1.45mm_HandSolder,55.372,-92.456,90.0,top
C803,470n,C_0805_2012Metric_Pad1.18x1.45mm_HandSolder,31.496,-92.583,-90.0,top
C804,470n,C_0805_2012Metric_Pad1.18x1.45mm_HandSolder,13.97,-92.456,-90.0,top
C805,100n,C_0603_1608Metric_Pad1.08x0.95mm_HandSolder,16.837,-96.3175,90.0,top
C806,100n,C_0603_1608Metric_Pad1.08x0.95mm_HandSolder,58.406,-96.364,90.0,top
C901,100p,C_0603_1608Metric_Pad1.08x0.95mm_HandSolder,229.87,-126.238,90.0,top
C902,10p,C_0603_1608Metric_Pad1.08x0.95mm_HandSolder,220.726,-103.632,90.0,top
C903,100p,C_0603_1608Metric_Pad1.08x0.95mm_HandSolder,221.234,-126.0845,90.0,top
C904,10p,C_0603_1608Metric_Pad1.08x0.95mm_HandSolder,218.186,-126.238,-90.0,top
C905,10p,C_0603_1608Metric_Pad1.08x0.95mm_HandSolder,212.344,-136.906,-90.0,top
C906,10p,C_0603_1608Metric_Pad1.08x0.95mm_HandSolder,229.616,-93.726,-90.0,top
C907,100n,C_0603_1608Metric_Pad1.08x0.95mm_HandSolder,218.186,-135.382,-90.0,top
C908,100n,C_0603_1608Metric_Pad1.08x0.95mm_HandSolder,217.932,-97.79,-90.0,top
C909,100n,C_0603_1608Metric_Pad1.08x0.95mm_HandSolder,229.87,-121.412,-90.0,top
C1201,470n,C_0805_2012Metric_Pad1.18x1.45mm_HandSolder,9.652,-48.673,-90.0,top
C1202,20p,C_0603_1608Metric_Pad1.08x0.95mm_HandSolder,26.725,-31.655,90.0,top
C1203,20p,C_0603_1608Metric_Pad1.08x0.95mm_HandSolder,33.075,-31.655,90.0,top
C1204,20p,C_0603_1608Metric_Pad1.08x0.95mm_HandSolder,46.029,-47.657,-90.0,top
C1205,1u,C_0603_1608Metric_Pad1.08x0.95mm_HandSolder,63.301,-51.975,-90.0,top
C1206,100n,C_0603_1608Metric_Pad1.08x0.95mm_HandSolder,66.349,-51.975,-90.0,top
C1207,10n,C_0603_1608Metric_Pad1.08x0.95mm_HandSolder,69.397,-51.975,-90.0,top
C1208,1.2n,C_0603_1608Metric_Pad1.08x0.95mm_HandSolder,72.191,-51.975,-90.0,top
C1209,1.2n,C_0603_1608Metric_Pad1.08x0.95mm_HandSolder,52.379,-31.3005,-90.0,top
C1210,100n,C_0603_1608Metric_Pad1.08x0.95mm_HandSolder,24.18,-46.184,90.0,top
C1211,100n,C_0603_1608Metric_Pad1.08x0.95mm_HandSolder,40.06,-41.18,-90.0,top
C1301,470n,C_0805_2012Metric_Pad1.18x1.45mm_HandSolder,293.425,-87.281,90.0,top
C1302,470n,C_0805_2012Metric_Pad1.18x1.45mm_HandSolder,328.985,-84.0825,90.0,top
C1303,1u,C_0603_1608Metric_Pad1.08x0.95mm_HandSolder,290.631,-94.647,90.0,top
C1304,1u,C_0603_1608Metric_Pad1.08x0.95mm_HandSolder,344.733,-99.0655,-90.0,top
C1305,100n,C_0603_1608Metric_Pad1.08x0.95mm_HandSolder,319.841,-83.979,90.0,top
C1306,330n,CP_Elec_4x5.4,271.835,-112.681,-90.0,top
C1307,100n,C_0603_1608Metric_Pad1.08x0.95mm_HandSolder,319.587,-91.599,90.0,top
C1308,100n,CP_Elec_4x5.4,284.535,-112.681,-90.0,top
C1401,4.7u,CP_EIA-3216-18_Kemet-A_Pad1.58x1.35mm_HandSolder,305.871,-105.061,90.0,top
C1402,3.9n,C_0603_1608Metric_Pad1.08x0.95mm_HandSolder,302.569,-105.061,-90.0,top
C1403,560p,C_0603_1608Metric_Pad1.08x0.95mm_HandSolder,306.379,-109.887,-90.0,top
C1404,10n,C_0603_1608Metric_Pad1.08x0.95mm_HandSolder,303.331,-117.761,-90.0,top
C1405,100n,C_0603_1608Metric_Pad1.08x0.95mm_HandSolder,291.139,-118.777,90.0,top
C1406,100n,C_0603_1608Metric_Pad1.08x0.95mm_HandSolder,288.091,-118.777,90.0,top
C1407,3.3n,C_0603_1608Metric_Pad1.08x0.95mm_HandSolder,309.427,-113.5435,-90.0,top
C1408,10n,C_0603_1608Metric_Pad1.08x0.95mm_HandSolder,303.331,-113.697,-90.0,top
C1409,560p,C_0603_1608Metric_Pad1.08x0.95mm_HandSolder,306.379,-117.761,-90.0,top
C1410,10n,C_0603_1608Metric_Pad1.08x0.95mm_HandSolder,312.475,-109.633,-90.0,top
C1411,470n,C_0805_2012Metric_Pad1.18x1.45mm_HandSolder,312.475,-105.4155,90.0,top
C1412,100n,C_0603_1608Metric_Pad1.08x0.95mm_HandSolder,291.13,-108.223,-90.0,top
C1413,10u,C_0603_1608Metric_Pad1.08x0.95mm_HandSolder,291.139,-112.173,-90.0,top
C1501,4.7u,CP_EIA-3216-18_Kemet-A_Pad1.58x1.35mm_HandSolder,347.273,-104.9605,90.0,top
C1502,3.9n,C_0603_1608Metric_Pad1.08x0.95mm_HandSolder,343.971,-104.9605,-90.0,top
C1503,560p,C_0603_1608Metric_Pad1.08x0.95mm_HandSolder,347.781,-109.7865,-90.0,top
C1504,10n,C_0603_1608Metric_Pad1.08x0.95mm_HandSolder,344.733,-117.6605,-90.0,top
C1505,100n,C_0603_1608Metric_Pad1.08x0.95mm_HandSolder,332.541,-118.6765,90.0,top
C1506,100n,C_0603_1608Metric_Pad1.08x0.95mm_HandSolder,329.493,-118.6765,90.0,top
C1507,3.3n,C_0603_1608Metric_Pad1.08x0.95mm_HandSolder,350.829,-113.443,-90.0,top
C1508,10n,C_0603_1608Metric_Pad1.08x0.95mm_HandSolder,344.733,-113.5965,-90.0,top
C1509,560p,C_0603_1608Metric_Pad1.08x0.95mm_HandSolder,347.781,-117.6605,-90.0,top
C1510,10n,C_0603_1608Metric_Pad1.08x0.95mm_HandSolder,353.877,-109.5325,-90.0,top
C1511,470n,C_0805_2012Metric_Pad1.18x1.45mm_HandSolder,353.877,-105.315,90.0,top
C1512,100n,C_0603_1608Metric_Pad1.08x0.95mm_HandSolder,332.541,-107.9555,-90.0,top
C1513,10u,C_0603_1608Metric_Pad1.08x0.95mm_HandSolder,332.541,-111.665,-90.0,top
C1601,10p,C_0603_1608Metric_Pad1.08x0.95mm_HandSolder,52.379,-138.589,90.0,top
C1602,470n,C_0805_2012Metric_Pad1.18x1.45mm_HandSolder,69.94,-167.743,90.0,top
C1603,2.2p,C_0603_1608Metric_Pad1.08x0.95mm_HandSolder,38.19,-134.977,90.0,top
C1604,470n,C_0805_2012Metric_Pad1.18x1.45mm_HandSolder,33.872,-167.997,90.0,top
C1605,100n,C_0603_1608Metric_Pad1.08x0.95mm_HandSolder,45.81,-136.755,90.0,top
C1701,470n,C_0805_2012Metric_Pad1.18x1.45mm_HandSolder,70.413,-140.113,-90.0,top
C1702,470n,C_0805_2012Metric_Pad1.18x1.45mm_HandSolder,64.571,-128.429,-90.0,top
C1703,1u,C_0805_2012Metric_Pad1.18x1.45mm_HandSolder,79.303,-140.113,-90.0,top
C1704,1u,C_0805_2012Metric_Pad1.18x1.45mm_HandSolder,47.299,-146.463,-90.0,top
C1705,100n,C_0603_1608Metric_Pad1.08x0.95mm_HandSolder,65.786,-133.35,180.0,top
C1801,470n,C_0805_2012Metric_Pad1.18x1.45mm_HandSolder,24.162,-131.3075,-90.0,top
C1802,470n,C_0805_2012Metric_Pad1.18x1.45mm_HandSolder,23.749,-142.24,-90.0,top
C1803,1u,C_0805_2012Metric_Pad1.18x1.45mm_HandSolder,20.606,-142.33,90.0,top
C1804,1u,C_0805_2012Metric_Pad1.18x1.45mm_HandSolder,32.094,-153.773,90.0,top
C1805,100n,C_0603_1608Metric_Pad1.08x0.95mm_HandSolder,25.9315,-151.487,90.0,top
C1901,10p,C_0603_1608Metric_Pad1.08x0.95mm_HandSolder,322.545,-45.776,90.0,top
C1902,470n,C_0805_2012Metric_Pad1.18x1.45mm_HandSolder,340.106,-74.93,90.0,top
C1903,2.2p,C_0603_1608Metric_Pad1.08x0.95mm_HandSolder,308.356,-42.164,90.0,top
C1904,470n,C_0805_2012Metric_Pad1.18x1.45mm_HandSolder,304.038,-75.184,90.0,top
C1905,100n,C_0603_1608Metric_Pad1.08x0.95mm_HandSolder,315.976,-43.942,90.0,top
C2001,470n,C_0805_2012Metric_Pad1.18x1.45mm_HandSolder,340.579,-47.3,-90.0,top
C2002,470n,C_0805_2012Metric_Pad1.18x1.45mm_HandSolder,334.737,-35.616,-90.0,top
C2003,1u,C_0805_2012Metric_Pad1.18x1.45mm_HandSolder,349.469,-47.3,-90.0,top
C2004,1u,C_0805_2012Metric_Pad1.18x1.45mm_HandSolder,317.465,-53.65,-90.0,top
C2005,100n,C_0603_1608Metric_Pad1.08x0.95mm_HandSolder,335.952,-40.537,180.0,top
C2101,470n,C_0805_2012Metric_Pad1.18x1.45mm_HandSolder,294.328,-38.4945,-90.0,top
C2102,470n,C_0805_2012Metric_Pad1.18x1.45mm_HandSolder,293.915,-49.427,-90.0,top
C2103,1u,C_0805_2012Metric_Pad1.18x1.45mm_HandSolder,290.772,-49.517,90.0,top
C2104,1u,C_0805_2012Metric_Pad1.18x1.45mm_HandSolder,302.26,-60.96,90.0,top
C2105,100n,C_0603_1608Metric_Pad1.08x0.95mm_HandSolder,296.0975,-58.674,90.0,top
C2201,4.7u,C_0603_1608Metric_Pad1.08x0.95mm_HandSolder,197.358,-30.734,-90.0,top
C2202,10n,C_0603_1608Metric_Pad1.08x0.95mm_HandSolder,203.2,-30.734,90.0,top
C2203,100n,C_0603_1608Metric_Pad1.08x0.95mm_HandSolder,216.662,-35.56,90.0,top
C2204,330n,CP_Elec_4x5.4,232.41,-29.718,90.0,top
C2205,100n,C_0603_1608Metric_Pad1.08x0.95mm_HandSolder,197.358,-25.0455,90.0,top
C2206,100n,CP_Elec_4x5.4,215.646,-29.972,90.0,top
C2207,10u,CP_Elec_4x5.4,221.996,-30.226,90.0,top
C2208,100n,C_0603_1608Metric_Pad1.08x0.95mm_HandSolder,197.104,-17.272,-90.0,top
C2209,4.7u,C_0603_1608Metric_Pad1.08x0.95mm_HandSolder,194.056,-17.272,-90.0,top
C2301,10p,C_0603_1608Metric_Pad1.08x0.95mm_HandSolder,256.54,-54.7105,90.0,top
C2302,10p,C_0603_1608Metric_Pad1.08x0.95mm_HandSolder,240.03,-54.61,90.0,top
C2303,10p,C_0603_1608Metric_Pad1.08x0.95mm_HandSolder,205.994,-54.61,90.0,top
C2304,100n,C_0603_1608Metric_Pad1.08x0.95mm_HandSolder,252.984,-61.722,0.0,top
C2305,100n,C_0603_1608Metric_Pad1.08x0.95mm_HandSolder,235.712,-61.468,0.0,top
C2306,100n,C_0603_1608Metric_Pad1.08x0.95mm_HandSolder,211.328,-61.722,180.0,top
C2307,100n,C_0603_1608Metric_Pad1.08x0.95mm_HandSolder,194.056,-61.722,180.0,top
C2308,10p,C_0603_1608Metric_Pad1.08x0.95mm_HandSolder,190.5,-54.4565,90.0,top
C2309,100n,C_0603_1608Metric_Pad1.08x0.95mm_HandSolder,218.36,-56.5415,-90.0,top
C2401,100n,C_0603_1608Metric_Pad1.08x0.95mm_HandSolder,211.8125,-149.606,-90.0,top
C2402,100n,C_0603_1608Metric_Pad1.08x0.95mm_HandSolder,234.95,-150.876,-90.0,top
C2403,100n,C_0603_1608Metric_Pad1.08x0.95mm_HandSolder,229.297,-157.988,90.0,top
C2404,100n,C_0603_1608Metric_Pad1.08x0.95mm_HandSolder,229.235,-146.05,90.0,top
C2501,470n,C_0805_2012Metric_Pad1.18x1.45mm_HandSolder,294.386,-125.73,90.0,top
C2502,470n,C_0805_2012Metric_Pad1.18x1.45mm_HandSolder,315.976,-125.984,90.0,top
C2503,33n,C_0603_1608Metric_Pad1.08x0.95mm_HandSolder,289.56,-148.336,90.0,top
C2504,33n,C_0603_1608Metric_Pad1.08x0.95mm_HandSolder,333.756,-149.352,90.0,top
C2505,33n,C_0603_1608Metric_Pad1.08x0.95mm_HandSolder,301.498,-148.336,90.0,top
C2506,33n,C_0603_1608Metric_Pad1.08x0.95mm_HandSolder,322.326,-149.352,90.0,top
C2507,20p,C_0603_1608Metric_Pad1.08x0.95mm_HandSolder,295.402,-148.336,-90.0,top
C2508,20p,C_0603_1608Metric_Pad1.08x0.95mm_HandSolder,328.168,-149.3255,-90.0,top
C2509,470n,C_0805_2012Metric_Pad1.18x1.45mm_HandSolder,289.56,-135.128,-90.0,top
C2510,470n,C_0805_2012Metric_Pad1.18x1.45mm_HandSolder,322.326,-134.874,-90.0,top
C2511,100n,C_0603_1608Metric_Pad1.08x0.95mm_HandSolder,307.639,-146.406,90.0,top
C2601,470n,C_0805_2012Metric_Pad1.18x1.45mm_HandSolder,287.528,-173.99,-90.0,top
C2602,4.7u,CP_EIA-3216-18_Kemet-A_Pad1.58x1.35mm_HandSolder,313.69,-161.544,90.0,top
C2603,470n,C_0805_2012Metric_Pad1.18x1.45mm_HandSolder,341.884,-173.736,90.0,top
C2604,100n,C_0603_1608Metric_Pad1.08x0.95mm_HandSolder,307.848,-170.434,90.0,top
C2701,1u,CP_EIA-3216-18_Kemet-A_Pad1.58x1.35mm_HandSolder,129.54,-50.8,-90.0,top
C2702,3.3u,CP_EIA-3216-18_Kemet-A_Pad1.58x1.35mm_HandSolder,137.414,-50.8,-90.0,top
C2703,33u,CP_EIA-3216-18_Kemet-A_Pad1.58x1.35mm_HandSolder,133.604,-50.8,-90.0,top
C2704,100n,C_0603_1608Metric_Pad1.08x0.95mm_HandSolder,110.144,-48.208,90.0,top
C2801,330n,CP_Elec_4x5.4,297.489,-194.215,90.0,top
C2802,22u,CP_Elec_4x5.4,290.885,-185.579,-90.0,top
C2803,100n,CP_Elec_4x5.4,282.249,-185.579,-90.0,top
C2804,100n,CP_Elec_4x5.4,284.281,-194.215,90.0,top
C2805,22u,CP_Elec_4x5.4,273.105,-185.579,-90.0,top
C2807,10u,CP_Elec_4x5.4,321.365,-197.009,-90.0,top
C2808,10u,CP_Elec_4x5.4,351.028,-194.056,-90.0,top
C2809,22u,CP_Elec_4x5.4,325.937,-185.579,-90.0,top
C2811,100n,CP_Elec_4x5.4,317.301,-185.579,-90.0,top
C2812,100n,CP_Elec_4x5.4,334.573,-185.579,-90.0,top
C2815,100n,C_0603_1608Metric_Pad1.08x0.95mm_HandSolder,339.145,-194.977,90.0,top
C2901,100n,C_0805_2012Metric_Pad1.18x1.45mm_HandSolder,39.933,-4.477,90.0,top
C2902,470n,C_0805_2012Metric_Pad1.18x1.45mm_HandSolder,274.629,-13.367,90.0,top
C2903,470n,C_0805_2012Metric_Pad1.18x1.45mm_HandSolder,50.093,-10.319,-90.0,top
C2904,470n,C_0805_2012Metric_Pad1.18x1.45mm_HandSolder,274.375,-7.525,-90.0,top
C2905,100n,C_0805_2012Metric_Pad1.18x1.45mm_HandSolder,82.351,-4.477,90.0,top
C2906,470n,C_0805_2012Metric_Pad1.18x1.45mm_HandSolder,317.047,-13.621,90.0,top
C2907,470n,C_0805_2012Metric_Pad1.18x1.45mm_HandSolder,92.003,-11.081,-90.0,top
C2908,470n,C_0805_2012Metric_Pad1.18x1.45mm_HandSolder,317.047,-7.525,-90.0,top
C2909,100n,C_0603_1608Metric_Pad1.08x0.95mm_HandSolder,39.933,-10.4725,90.0,top
C2910,100n,C_0603_1608Metric_Pad1.08x0.95mm_HandSolder,261.675,-7.525,90.0,top
C2911,100n,C_0603_1608Metric_Pad1.08x0.95mm_HandSolder,81.843,-11.335,90.0,top
C2912,100n,C_0603_1608Metric_Pad1.08x0.95mm_HandSolder,303.839,-7.525,90.0,top
D301,D_TVS,D_SOD-323_HandSoldering,103.9764,-90.673,90.0,top
D302,D_TVS,D_SOD-323_HandSoldering,115.4064,-94.483,90.0,top
D303,D_TVS,D_SOD-323_HandSoldering,145.8864,-90.038,90.0,top
D304,D_TVS,D_SOD-323_HandSoldering,163.0314,-95.753,90.0,top
D305,LED_Green,LED_D3.0mm,112.6886,-82.668,180.0,bottom
D306,LED_Green,LED_D3.0mm,154.2464,-82.658,180.0,bottom
D307,LED_Yellow,LED_D3.0mm,112.6764,-88.658,180.0,bottom
D308,LED_Yellow,LED_D3.0mm,154.2464,-88.658,180.0,bottom
D401,D_TVS,D_SOD-323_HandSoldering,104.0,-134.825,90.0,top
D402,D_TVS,D_SOD-323_HandSoldering,115.43,-138.635,90.0,top
D403,D_TVS,D_SOD-323_HandSoldering,145.91,-134.19,90.0,top
D404,D_TVS,D_SOD-323_HandSoldering,163.055,-139.905,90.0,top
D405,LED_Green,LED_D3.0mm,112.7122,-126.82,180.0,bottom
D406,LED_Green,LED_D3.0mm,154.27,-126.81,180.0,bottom
D407,LED_Yellow,LED_D3.0mm,112.7,-132.81,180.0,bottom
D408,LED_Yellow,LED_D3.0mm,154.27,-132.81,180.0,bottom
D501,D_TVS,D_SOD-323_HandSoldering,104.0,-178.955,90.0,top
D502,D_TVS,D_SOD-323_HandSoldering,115.43,-182.765,90.0,top
D503,D_TVS,D_SOD-323_HandSoldering,145.91,-178.32,90.0,top
D504,D_TVS,D_SOD-323_HandSoldering,163.055,-184.035,90.0,top
D505,LED_Green,LED_D3.0mm,112.7122,-170.95,180.0,bottom
D506,LED_Green,LED_D3.0mm,154.27,-170.94,180.0,bottom
D507,LED_Yellow,LED_D3.0mm,112.7,-176.94,180.0,bottom
D508,LED_Yellow,LED_D3.0mm,154.27,-176.94,180.0,bottom
D601,1N4148,D_SOD-323_HandSoldering,17.526,-76.982,90.0,top
D602,1N4148,D_SOD-323_HandSoldering,13.97,-76.982,-90.0,top
D603,D_TVS,D_SOD-323_HandSoldering,80.264,-68.7,-90.0,top
D604,2.1V Zener,D_SOD-123,21.844,-115.442,90.0,top
D605,2.1V Zener,D_SOD-123,14.732,-115.316,90.0,top
D606,D_TVS,D_SOD-323_HandSoldering,6.85,-68.73,-90.0,top
D701,D_TVS,D_SOD-323_HandSoldering,24.25,-68.73,-90.0,top
D702,D_TVS,D_SOD-323_HandSoldering,62.67,-68.71,-90.0,top
D703,1N4148,D_SOD-323_HandSoldering,40.005,-72.263,-90.0,top
D704,1N4148,D_SOD-323_HandSoldering,65.913,-72.009,180.0,top
D801,D_TVS,D_SOD-323_HandSoldering,80.01,-84.836,-90.0,top
D802,D_TVS,D_SOD-323_HandSoldering,62.738,-85.09,-90.0,top
D803,D_TVS,D_SOD-323_HandSoldering,25.4,-84.836,-90.0,top
D804,D_TVS,D_SOD-323_HandSoldering,6.858,-84.836,-90.0,top
D1001,D_TVS,D_SOD-323_HandSoldering,260.604,-100.818,-90.0,top
D1002,D_TVS,D_SOD-323_HandSoldering,260.604,-114.808,-90.0,top
D1003,D_TVS,D_SOD-323_HandSoldering,243.078,-100.838,-90.0,top
D1004,D_TVS,D_SOD-323_HandSoldering,243.078,-114.808,-90.0,top
D1005,D_TVS,D_SOD-323_HandSoldering,260.604,-128.758,-90.0,top
D1006,D_TVS,D_SOD-323_HandSoldering,243.078,-128.758,-90.0,top
D1007,D_TVS,D_SOD-323_HandSoldering,203.962,-100.838,-90.0,top
D1008,D_TVS,D_SOD-323_HandSoldering,204.216,-114.808,-90.0,top
D1009,D_TVS,D_SOD-323_HandSoldering,186.69,-100.838,-90.0,top
D1010,D_TVS,D_SOD-323_HandSoldering,186.69,-114.808,-90.0,top
D1011,D_TVS,D_SOD-323_HandSoldering,203.962,-128.778,-90.0,top
D1012,D_TVS,D_SOD-323_HandSoldering,186.69,-128.778,-90.0,top
D1101,D_TVS,D_SOD-323_HandSoldering,7.112,-184.658,-90.0,top
D1102,D_TVS,D_SOD-323_HandSoldering,31.242,-178.562,-90.0,top
D1103,D_TVS,D_SOD-323_HandSoldering,62.992,-184.658,-90.0,top
D1104,D_TVS,D_SOD-323_HandSoldering,80.264,-184.658,-90.0,top
D1105,D_TVS,D_SOD-323_HandSoldering,31.242,-205.232,90.0,top
D1106,D_TVS,D_SOD-323_HandSoldering,80.264,-196.596,-90.0,top
D1201,D_TVS,D_SOD-323_HandSoldering,5.135,-38.64,-90.0,top
D1202,D_TVS,D_SOD-323_HandSoldering,62.92,-38.64,-90.0,top
D1203,1N4148,D_SOD-323_HandSoldering,43.235,-31.655,90.0,top
D1204,1N4148,D_SOD-323_HandSoldering,39.425,-31.655,-90.0,top
D1205,D_TVS,D_SOD-323_HandSoldering,80.065,-38.64,-90.0,top
D1206,7V Zener,D_SOD-323_HandSoldering,61.523,-31.147,90.0,top
D1301,D_TVS,D_SOD-323_HandSoldering,276.661,-93.103,90.0,top
D1302,D_TVS,D_SOD-323_HandSoldering,332.795,-90.71,-90.0,top
D1303,D_TVS,D_SOD-323_HandSoldering,276.915,-105.295,90.0,top
D1304,D_TVS,D_SOD-323_HandSoldering,318.19,-102.775,-90.0,top
D1305,D_TVS,D_SOD-323_HandSoldering,294.441,-93.123,90.0,top
D1306,D_TVS,D_SOD-323_HandSoldering,349.94,-90.71,-90.0,top
D1307,1N4001,D_SMA_Handsoldering,295.457,-103.791,0.0,top
D1308,1N4001,D_SMA_Handsoldering,337.875,-104.807,0.0,top
D1601,D_TVS,D_SOD-323_HandSoldering,80.354,-159.468,-90.0,top
D1602,D_TVS,D_SOD-323_HandSoldering,24.728,-164.949,90.0,top
D1701,D_TVS,D_SOD-323_HandSoldering,80.319,-131.477,-90.0,top
D1702,D_TVS,D_SOD-323_HandSoldering,48.569,-131.731,-90.0,top
D1801,D_TVS,D_SOD-323_HandSoldering,7.144,-133.821,90.0,top
D1802,D_TVS,D_SOD-323_HandSoldering,7.144,-147.791,90.0,top
D1901,D_TVS,D_SOD-323_HandSoldering,350.52,-66.655,-90.0,top
D1902,D_TVS,D_SOD-323_HandSoldering,294.894,-72.136,90.0,top
D2001,D_TVS,D_SOD-323_HandSoldering,350.485,-38.664,-90.0,top
D2002,D_TVS,D_SOD-323_HandSoldering,318.735,-38.918,-90.0,top
D2101,D_TVS,D_SOD-323_HandSoldering,277.31,-41.008,90.0,top
D2102,D_TVS,D_SOD-323_HandSoldering,277.31,-54.978,90.0,top
D2201,D_TVS,D_SOD-323_HandSoldering,260.096,-76.708,-90.0,top
D2301,D_TVS,D_SOD-323_HandSoldering,260.096,-38.608,-90.0,top
D2302,D_TVS,D_SOD-323_HandSoldering,242.824,-38.608,-90.0,top
D2303,D_TVS,D_SOD-323_HandSoldering,204.216,-38.842,-90.0,top
D2304,D_TVS,D_SOD-323_HandSoldering,186.944,-38.862,-90.0,top
D2305,D_TVS,D_SOD-323_HandSoldering,186.944,-76.942,-90.0,top
D2401,LED_Blue,LED_D3.0mm,185.434,-182.941,270.0,bottom
D2402,LED_Orange,LED_D3.0mm,185.43,-168.941,270.0,bottom
D2403,LED_Blue,LED_D3.0mm,261.61,-182.941,270.0,bottom
D2404,LED_Orange,LED_D3.0mm,261.61,-168.941,270.0,bottom
D2405,1N4001,D_SMA_Handsoldering,211.074,-189.738,180.0,top
D2406,1N4001,D_SMA_Handsoldering,235.712,-175.768,0.0,top
D2407,1N4001,D_SMA_Handsoldering,223.52,-193.044,0.0,top
D2408,1N4001,D_SMA_Handsoldering,223.516,-172.974,0.0,top
D2409,D_TVS,D_SOD-323_HandSoldering,186.69,-153.67,-90.0,top
D2410,D_TVS,D_SOD-323_HandSoldering,260.35,-153.67,-90.0,top
D2411,D_TVS,D_SOD-323_HandSoldering,204.47,-167.64,-90.0,top
D2412,D_TVS,D_SOD-323_HandSoldering,259.08,-163.83,-90.0,top
D2413,D_TVS,D_SOD-323_HandSoldering,204.47,-181.61,-90.0,top
D2414,D_TVS,D_SOD-323_HandSoldering,259.08,-177.8,-90.0,top
D2415,D_TVS,D_SOD-323_HandSoldering,204.47,-195.58,-90.0,top
D2416,D_TVS,D_SOD-323_HandSoldering,260.35,-195.58,-90.0,top
D2417,D_TVS,D_SOD-323_HandSoldering,187.96,-163.83,-90.0,top
D2418,D_TVS,D_SOD-323_HandSoldering,243.205,-167.64,-90.0,top
D2419,D_TVS,D_SOD-323_HandSoldering,187.96,-177.8,-90.0,top
D2420,D_TVS,D_SOD-323_HandSoldering,243.205,-181.61,-90.0,top
D2421,D_TVS,D_SOD-323_HandSoldering,186.69,-195.58,-90.0,top
D2422,D_TVS,D_SOD-323_HandSoldering,243.205,-195.58,-90.0,top
D2501,D_TVS,D_SOD-323_HandSoldering,277.114,-126.746,-90.0,top
D2502,D_TVS,D_SOD-323_HandSoldering,332.994,-126.746,-90.0,top
D2503,D_TVS,D_SOD-323_HandSoldering,276.86,-140.716,-90.0,top
D2504,D_TVS,D_SOD-323_HandSoldering,332.994,-140.716,-90.0,top
D2601,1N4148,D_SOD-323_HandSoldering,304.292,-173.482,90.0,top
D2602,1N4148,D_SOD-323_HandSoldering,320.04,-173.482,90.0,top
D2603,D_TVS,D_SOD-323_HandSoldering,276.86,-164.592,-90.0,top
D2604,D_TVS,D_SOD-323_HandSoldering,294.386,-164.592,-90.0,top
D2605,D_TVS,D_SOD-323_HandSoldering,350.266,-164.572,-90.0,top
D2606,D_TVS,D_SOD-323_HandSoldering,332.994,-164.592,-90.0,top
D2701,D_TVS,D_SOD-323_HandSoldering,96.774,-38.862,-90.0,top
D2702,D_TVS,D_SOD-323_HandSoldering,170.18,-38.608,-90.0,top
D2703,1N4148,D_SOD-323_HandSoldering,118.872,-51.054,90.0,top
D2704,1N4148,D_SOD-323_HandSoldering,143.002,-51.054,-90.0,top
D2801,1N4001,D_SMA_Handsoldering,192.587,-4.985,90.0,top
D2901,D_TVS,D_SOD-323_HandSoldering,51.109,-19.717,-90.0,top
D2902,D_TVS,D_SOD-323_HandSoldering,93.019,-19.717,-90.0,top
D2903,D_TVS,D_SOD-323_HandSoldering,108.259,-7.271,90.0,top
D2904,D_TVS,D_SOD-323_HandSoldering,198.937,-4.985,-90.0,top
D2905,D_TVS,D_SOD-323_HandSoldering,264.723,-19.717,-90.0,top
D2906,D_TVS,D_SOD-323_HandSoldering,108.259,-19.717,-90.0,top
D2907,D_TVS,D_SOD-323_HandSoldering,213.923,-22.511,-90.0,top
D2908,D_TVS,D_SOD-323_HandSoldering,321.111,-19.717,-90.0,top
D2909,D_TVS,D_SOD-323_HandSoldering,158.551,-19.717,-90.0,top
D2910,D_TVS,D_SOD-323_HandSoldering,248.467,-19.717,-90.0,top
D2911,D_TVS,D_SOD-323_HandSoldering,158.805,-4.731,-90.0,top
D2912,D_TVS,D_SOD-323_HandSoldering,248.721,-4.731,-90.0,top
F2801,JK-NSMD012,R_1206_3216Metric_Pad1.30x1.75mm_HandSolder,188.015,-3.461,-90.0,top
FB2801,FerriteBead,R_0805_2012Metric_Pad1.20x1.40mm_HandSolder,278.185,-180.245,180.0,top
J2801,Barrel_Jack_Switch,BarrelJack_GCT_DCJ200-10-A_Horizontal,179.145,-1.825,180.0,bottom
J2802,Conn_02x04_Counter_Clockwise,PinSocket_2x04_P2.54mm_Vertical,178.505,-22.575,90.0,bottom
J2901,In1,Jack_6.35mm_Neutrik_NMJ6HCD2_Horizontal,23.92,-9.65,90.0,bottom
J2902,In2,Jack_6.35mm_Neutrik_NMJ6HCD2_Horizontal,65.554,-9.65,90.0,bottom
J2903,Out1,Jack_6.35mm_Neutrik_NMJ6HCD2_Horizontal,291.393,-9.65,90.0,bottom
J2904,Out2,Jack_6.35mm_Neutrik_NMJ6HCD2_Horizontal,332.911,-9.65,90.0,bottom
J2905,Generic1,Jack_6.35mm_Neutrik_NMJ6HCD2_Horizontal,133.474,-9.65,90.0,bottom
J2906,Generic2,Jack_6.35mm_Neutrik_NMJ6HCD2_Horizontal,223.51,-9.65,90.0,bottom
Q201,3906 BEC,SOT-23_Handsoldering,23.368,-192.024,180.0,top
Q202,3906 BEC,SOT-23_Handsoldering,65.532,-202.692,-90.0,top
Q901,3906 BEC,SOT-23_Handsoldering,235.712,-123.19,180.0,top
Q902,3906 BEC,SOT-23_Handsoldering,230.886,-136.652,90.0,top
Q1301,3904 BEC,SOT-23_Handsoldering,302.569,-98.965,180.0,top
Q1302,3904 BEC,SOT-23_Handsoldering,336.605,-98.203,0.0,top
Q1303,3904 BEC,SOT-23_Handsoldering,295.457,-98.711,180.0,top
Q1304,3904 BEC,SOT-23_Handsoldering,348.797,-99.473,0.0,top
Q2901,J201,SOT-23_Handsoldering,44.759,-10.319,180.0,top
Q2902,3904 BEC,SOT-23_Handsoldering,266.501,-7.525,180.0,top
Q2903,J201,SOT-23_Handsoldering,86.669,-11.081,180.0,top
Q2904,3904 BEC,SOT-23_Handsoldering,308.665,-7.525,180.0,top
R201,30K,R_0603_1608Metric_Pad0.98x0.95mm_HandSolder,38.1,-184.912,-90.0,top
R202,8.2K,R_0603_1608Metric_Pad0.98x0.95mm_HandSolder,42.8225,-195.834,0.0,top
R203,100K,R_0603_1608Metric_Pad0.98x0.95mm_HandSolder,21.336,-186.944,-90.0,top
R204,100K,R_0603_1608Metric_Pad0.98x0.95mm_HandSolder,24.384,-186.8405,-90.0,top
R205,10K,R_0603_1608Metric_Pad0.98x0.95mm_HandSolder,36.576,-190.5,-90.0,top
R206,30K,R_0603_1608Metric_Pad0.98x0.95mm_HandSolder,44.196,-204.724,90.0,top
R207,1K,R_0603_1608Metric_Pad0.98x0.95mm_HandSolder,38.608,-195.834,180.0,top
R208,4.7K,R_0603_1608Metric_Pad0.98x0.95mm_HandSolder,27.94,-204.724,-90.0,top
R209,680,R_0603_1608Metric_Pad0.98x0.95mm_HandSolder,18.288,-192.024,-90.0,top
R210,30K,R_0603_1608Metric_Pad0.98x0.95mm_HandSolder,49.276,-182.118,-90.0,top
R211,8.2K,R_0603_1608Metric_Pad0.98x0.95mm_HandSolder,48.768,-191.516,-90.0,top
R212,1M,R_0603_1608Metric_Pad0.98x0.95mm_HandSolder,13.97,-178.054,90.0,top
R213,200K,R_0603_1608Metric_Pad0.98x0.95mm_HandSolder,20.066,-178.054,90.0,top
R214,200K,R_0603_1608Metric_Pad0.98x0.95mm_HandSolder,38.354,-204.724,-90.0,top
R215,1M,R_0603_1608Metric_Pad0.98x0.95mm_HandSolder,58.928,-179.07,90.0,top
R216,100K,R_0603_1608Metric_Pad0.98x0.95mm_HandSolder,57.912,-192.532,90.0,top
R217,100K,R_0603_1608Metric_Pad0.98x0.95mm_HandSolder,69.342,-191.77,-90.0,top
R218,200K,R_0603_1608Metric_Pad0.98x0.95mm_HandSolder,53.34,-179.07,90.0,top
R219,10K,R_0603_1608Metric_Pad0.98x0.95mm_HandSolder,54.864,-192.532,-90.0,top
R220,1K,R_0603_1608Metric_Pad0.98x0.95mm_HandSolder,69.596,-203.962,-90.0,top
R221,680,R_0603_1608Metric_Pad0.98x0.95mm_HandSolder,64.516,-197.7155,-90.0,top
R222,30K,R_0603_1608Metric_Pad0.98x0.95mm_HandSolder,59.182,-203.0965,90.0,top
R223,4.7K,R_0603_1608Metric_Pad0.98x0.95mm_HandSolder,56.134,-207.1135,-90.0,top
R224,200K,R_0603_1608Metric_Pad0.98x0.95mm_HandSolder,61.976,-207.264,90.0,top
R301,100K,R_0603_1608Metric_Pad0.98x0.95mm_HandSolder,127.4714,-77.846,90.0,top
R302,100K,R_0603_1608Metric_Pad0.98x0.95mm_HandSolder,139.5364,-82.896,-90.0,top
R303,100K,R_0603_1608Metric_Pad0.98x0.95mm_HandSolder,119.5974,-77.846,90.0,top
R304,100K,R_0603_1608Metric_Pad0.98x0.95mm_HandSolder,136.3614,-87.1135,-90.0,top
R305,100K,R_0603_1608Metric_Pad0.98x0.95mm_HandSolder,97.6264,-78.1,-90.0,top
R306,100K,R_0603_1608Metric_Pad0.98x0.95mm_HandSolder,113.2474,-77.846,90.0,top
R307,100K,R_0603_1608Metric_Pad0.98x0.95mm_HandSolder,162.0154,-77.846,90.0,top
R308,100K,R_0603_1608Metric_Pad0.98x0.95mm_HandSolder,139.5364,-87.1135,90.0,top
R309,100K,R_0603_1608Metric_Pad0.98x0.95mm_HandSolder,94.4514,-78.1,90.0,top
R310,100K,R_0603_1608Metric_Pad0.98x0.95mm_HandSolder,139.5364,-78.451,-90.0,top
R311,1K,R_0603_1608Metric_Pad0.98x0.95mm_HandSolder,129.8844,-86.99,90.0,top
R312,1K,R_0603_1608Metric_Pad0.98x0.95mm_HandSolder,168.4924,-77.846,90.0,top
R313,470,R_0603_1608Metric_Pad0.98x0.95mm_HandSolder,127.4714,-93.848,90.0,top
R314,100K,R_0603_1608Metric_Pad0.98x0.95mm_HandSolder,127.4714,-98.6505,-90.0,top
R315,470,R_0603_1608Metric_Pad0.98x0.95mm_HandSolder,145.8864,-97.658,90.0,top
R316,100K,R_0603_1608Metric_Pad0.98x0.95mm_HandSolder,139.5364,-97.658,90.0,top
R317,20K,R_0603_1608Metric_Pad0.98x0.95mm_HandSolder,124.2964,-98.6505,-90.0,top
R318,20K,R_0603_1608Metric_Pad0.98x0.95mm_HandSolder,142.7114,-97.658,90.0,top
R401,100K,R_0603_1608Metric_Pad0.98x0.95mm_HandSolder,127.495,-121.998,90.0,top
R402,100K,R_0603_1608Metric_Pad0.98x0.95mm_HandSolder,139.56,-127.048,-90.0,top
R403,100K,R_0603_1608Metric_Pad0.98x0.95mm_HandSolder,119.621,-121.998,90.0,top
R404,100K,R_0603_1608Metric_Pad0.98x0.95mm_HandSolder,136.385,-131.2655,-90.0,top
R405,100K,R_0603_1608Metric_Pad0.98x0.95mm_HandSolder,97.65,-122.252,-90.0,top
R406,100K,R_0603_1608Metric_Pad0.98x0.95mm_HandSolder,113.271,-121.998,90.0,top
R407,100K,R_0603_1608Metric_Pad0.98x0.95mm_HandSolder,162.039,-121.998,90.0,top
R408,100K,R_0603_1608Metric_Pad0.98x0.95mm_HandSolder,139.56,-131.2655,90.0,top
R409,100K,R_0603_1608Metric_Pad0.98x0.95mm_HandSolder,94.475,-122.252,90.0,top
R410,100K,R_0603_1608Metric_Pad0.98x0.95mm_HandSolder,139.56,-122.603,-90.0,top
R411,1K,R_0603_1608Metric_Pad0.98x0.95mm_HandSolder,129.908,-131.142,90.0,top
R412,1K,R_0603_1608Metric_Pad0.98x0.95mm_HandSolder,168.516,-121.998,90.0,top
R413,470,R_0603_1608Metric_Pad0.98x0.95mm_HandSolder,127.495,-138.0,90.0,top
R414,100K,R_0603_1608Metric_Pad0.98x0.95mm_HandSolder,127.495,-142.8025,-90.0,top
R415,470,R_0603_1608Metric_Pad0.98x0.95mm_HandSolder,145.91,-141.81,90.0,top
R416,100K,R_0603_1608Metric_Pad0.98x0.95mm_HandSolder,139.56,-141.81,90.0,top
R417,20K,R_0603_1608Metric_Pad0.98x0.95mm_HandSolder,124.32,-142.8025,-90.0,top
R418,20K,R_0603_1608Metric_Pad0.98x0.95mm_HandSolder,142.735,-141.81,90.0,top
R501,100K,R_0603_1608Metric_Pad0.98x0.95mm_HandSolder,127.495,-166.128,90.0,top
R502,100K,R_0603_1608Metric_Pad0.98x0.95mm_HandSolder,139.56,-171.178,-90.0,top
R503,100K,R_0603_1608Metric_Pad0.98x0.95mm_HandSolder,119.621,-166.128,90.0,top
R504,100K,R_0603_1608Metric_Pad0.98x0.95mm_HandSolder,136.385,-175.3955,-90.0,top
R505,100K,R_0603_1608Metric_Pad0.98x0.95mm_HandSolder,97.65,-166.382,-90.0,top
R506,100K,R_0603_1608Metric_Pad0.98x0.95mm_HandSolder,113.271,-166.128,90.0,top
R507,100K,R_0603_1608Metric_Pad0.98x0.95mm_HandSolder,162.039,-166.128,90.0,top
R508,100K,R_0603_1608Metric_Pad0.98x0.95mm_HandSolder,139.56,-175.3955,90.0,top
R509,100K,R_0603_1608Metric_Pad0.98x0.95mm_HandSolder,94.475,-166.382,90.0,top
R510,100K,R_0603_1608Metric_Pad0.98x0.95mm_HandSolder,139.56,-166.733,-90.0,top
R511,1K,R_0603_1608Metric_Pad0.98x0.95mm_HandSolder,129.908,-175.272,90.0,top
R512,1K,R_0603_1608Metric_Pad0.98x0.95mm_HandSolder,168.516,-166.128,90.0,top
R513,470,R_0603_1608Metric_Pad0.98x0.95mm_HandSolder,127.495,-182.13,90.0,top
R514,100K,R_0603_1608Metric_Pad0.98x0.95mm_HandSolder,127.495,-186.9325,-90.0,top
R515,470,R_0603_1608Metric_Pad0.98x0.95mm_HandSolder,145.91,-185.94,90.0,top
R516,100K,R_0603_1608Metric_Pad0.98x0.95mm_HandSolder,139.56,-185.94,90.0,top
R517,20K,R_0603_1608Metric_Pad0.98x0.95mm_HandSolder,124.32,-186.9325,-90.0,top
R518,20K,R_0603_1608Metric_Pad0.98x0.95mm_HandSolder,142.735,-185.94,90.0,top
R601,1M,R_0603_1608Metric_Pad0.98x0.95mm_HandSolder,30.734,-76.962,-90.0,top
R602,33K,R_0603_1608Metric_Pad0.98x0.95mm_HandSolder,44.958,-89.662,90.0,top
R603,33K,R_0603_1608Metric_Pad0.98x0.95mm_HandSolder,47.752,-89.662,90.0,top
R604,33K,R_0603_1608Metric_Pad0.98x0.95mm_HandSolder,50.8,-90.678,90.0,top
R605,33K,R_0603_1608Metric_Pad0.98x0.95mm_HandSolder,49.276,-85.852,-90.0,top
R606,200K,R_0603_1608Metric_Pad0.98x0.95mm_HandSolder,36.83,-76.962,90.0,top
R607,33K,R_0603_1608Metric_Pad0.98x0.95mm_HandSolder,26.67,-75.692,90.0,top
R608,33K,R_0603_1608Metric_Pad0.98x0.95mm_HandSolder,23.876,-75.692,-90.0,top
R609,33K,R_0603_1608Metric_Pad0.98x0.95mm_HandSolder,37.592,-91.948,-90.0,top
R610,33K,R_0603_1608Metric_Pad0.98x0.95mm_HandSolder,42.037,-89.662,-90.0,top
R611,33K,R_0603_1608Metric_Pad0.98x0.95mm_HandSolder,49.276,-94.615,90.0,top
R612,22K,R_0603_1608Metric_Pad0.98x0.95mm_HandSolder,37.592,-110.236,-90.0,top
R613,33K,R_0603_1608Metric_Pad0.98x0.95mm_HandSolder,47.752,-104.902,-90.0,top
R614,220,R_0603_1608Metric_Pad0.98x0.95mm_HandSolder,41.91,-104.902,90.0,top
R615,10K,R_0603_1608Metric_Pad0.98x0.95mm_HandSolder,72.898,-101.854,0.0,top
R616,10K,R_0603_1608Metric_Pad0.98x0.95mm_HandSolder,55.626,-101.092,0.0,top
R617,10K,R_0603_1608Metric_Pad0.98x0.95mm_HandSolder,22.606,-102.362,0.0,top
R618,10K,R_0603_1608Metric_Pad0.98x0.95mm_HandSolder,13.97,-101.092,0.0,top
R619,220,R_0603_1608Metric_Pad0.98x0.95mm_HandSolder,49.276,-112.776,90.0,top
R620,10K,R_0603_1608Metric_Pad0.98x0.95mm_HandSolder,49.276,-79.502,90.0,top
R621,3.3K,R_0603_1608Metric_Pad0.98x0.95mm_HandSolder,27.178,-80.1135,-90.0,top
R622,1K,R_0603_1608Metric_Pad0.98x0.95mm_HandSolder,66.294,-63.5,90.0,top
R623,33K,R_0603_1608Metric_Pad0.98x0.95mm_HandSolder,23.876,-80.1135,-90.0,top
R624,330K,R_0603_1608Metric_Pad0.98x0.95mm_HandSolder,20.828,-80.264,90.0,top
R625,33K,R_0603_1608Metric_Pad0.98x0.95mm_HandSolder,18.288,-116.078,90.0,top
R626,33K,R_0603_1608Metric_Pad0.98x0.95mm_HandSolder,49.276,-116.586,-90.0,top
R627,30K,R_0603_1608Metric_Pad0.98x0.95mm_HandSolder,37.592,-87.884,-90.0,top
R628,200K,R_0603_1608Metric_Pad0.98x0.95mm_HandSolder,71.882,-63.5,90.0,top
R629,220,R_0603_1608Metric_Pad0.98x0.95mm_HandSolder,52.197,-116.586,90.0,top
R630,33K,R_0603_1608Metric_Pad0.98x0.95mm_HandSolder,37.592,-116.078,-90.0,top
R631,220,R_0603_1608Metric_Pad0.98x0.95mm_HandSolder,34.671,-116.078,90.0,top
R632,3.3K,R_0603_1608Metric_Pad0.98x0.95mm_HandSolder,25.4,-116.078,-90.0,top
R701,100K,R_0603_1608Metric_Pad0.98x0.95mm_HandSolder,40.132,-64.008,-90.0,top
R702,100K,R_0603_1608Metric_Pad0.98x0.95mm_HandSolder,53.848,-77.216,-90.0,top
R703,1K,R_0603_1608Metric_Pad0.98x0.95mm_HandSolder,37.338,-64.008,-90.0,top
R704,1K,R_0603_1608Metric_Pad0.98x0.95mm_HandSolder,56.642,-77.216,-90.0,top
R705,10K,R_0603_1608Metric_Pad0.98x0.95mm_HandSolder,68.58,-78.994,-90.0,top
R706,5.6K,R_0603_1608Metric_Pad0.98x0.95mm_HandSolder,71.501,-78.994,-90.0,top
R707,1K,R_0603_1608Metric_Pad0.98x0.95mm_HandSolder,45.847,-73.914,180.0,top
R708,1K,R_0603_1608Metric_Pad0.98x0.95mm_HandSolder,74.422,-78.994,-90.0,top
R801,1K,R_0603_1608Metric_Pad0.98x0.95mm_HandSolder,70.358,-92.71,-90.0,top
R802,1K,R_0603_1608Metric_Pad0.98x0.95mm_HandSolder,58.42,-92.456,-90.0,top
R803,1K,R_0603_1608Metric_Pad0.98x0.95mm_HandSolder,28.448,-92.456,90.0,top
R804,1K,R_0603_1608Metric_Pad0.98x0.95mm_HandSolder,16.764,-92.456,90.0,top
R805,200K,R_0603_1608Metric_Pad0.98x0.95mm_HandSolder,83.058,-85.344,90.0,top
R806,200K,R_0603_1608Metric_Pad0.98x0.95mm_HandSolder,66.04,-85.09,90.0,top
R807,200K,R_0603_1608Metric_Pad0.98x0.95mm_HandSolder,22.098,-85.09,90.0,top
R808,200K,R_0603_1608Metric_Pad0.98x0.95mm_HandSolder,3.556,-85.09,90.0,top
R809,100K,R_0603_1608Metric_Pad0.98x0.95mm_HandSolder,70.358,-96.52,-90.0,top
R810,100K,R_0603_1608Metric_Pad0.98x0.95mm_HandSolder,55.626,-96.774,-90.0,top
R811,100K,R_0603_1608Metric_Pad0.98x0.95mm_HandSolder,28.448,-96.647,-90.0,top
R812,100K,R_0603_1608Metric_Pad0.98x0.95mm_HandSolder,13.97,-96.393,-90.0,top
R813,100K,R_0603_1608Metric_Pad0.98x0.95mm_HandSolder,73.152,-96.52,90.0,top
R814,100K,R_0603_1608Metric_Pad0.98x0.95mm_HandSolder,52.832,-96.774,-90.0,top
R815,100K,R_0603_1608Metric_Pad0.98x0.95mm_HandSolder,31.496,-96.647,-90.0,top
R816,100K,R_0603_1608Metric_Pad0.98x0.95mm_HandSolder,11.176,-96.393,-90.0,top
R901,100K,R_0603_1608Metric_Pad0.98x0.95mm_HandSolder,252.984,-94.488,-90.0,top
R902,100K,R_0603_1608Metric_Pad0.98x0.95mm_HandSolder,209.042,-136.906,90.0,top
R903,100K,R_0603_1608Metric_Pad0.98x0.95mm_HandSolder,246.126,-123.698,-90.0,top
R904,10K,R_0603_1608Metric_Pad0.98x0.95mm_HandSolder,226.822,-126.238,90.0,top
R905,30K,R_0603_1608Metric_Pad0.98x0.95mm_HandSolder,217.932,-93.98,-90.0,top
R906,1K,R_0603_1608Metric_Pad0.98x0.95mm_HandSolder,217.932,-113.284,90.0,top
R907,8.2K,R_0603_1608Metric_Pad0.98x0.95mm_HandSolder,222.25,-109.474,-90.0,top
R908,680,R_0603_1608Metric_Pad0.98x0.95mm_HandSolder,243.078,-119.38,90.0,top
R909,75K,R_0603_1608Metric_Pad0.98x0.95mm_HandSolder,217.932,-103.632,-90.0,top
R910,100K,R_0603_1608Metric_Pad0.98x0.95mm_HandSolder,238.252,-137.16,-90.0,top
R911,100K,R_0603_1608Metric_Pad0.98x0.95mm_HandSolder,235.204,-137.16,-90.0,top
R912,10K,R_0603_1608Metric_Pad0.98x0.95mm_HandSolder,229.87,-131.572,90.0,top
R913,1K,R_0603_1608Metric_Pad0.98x0.95mm_HandSolder,260.604,-123.698,-90.0,top
R914,1K,R_0603_1608Metric_Pad0.98x0.95mm_HandSolder,229.616,-115.062,-90.0,top
R915,100K,R_0603_1608Metric_Pad0.98x0.95mm_HandSolder,235.966,-94.488,-90.0,top
R916,680,R_0603_1608Metric_Pad0.98x0.95mm_HandSolder,224.028,-126.238,90.0,top
R917,30K,R_0603_1608Metric_Pad0.98x0.95mm_HandSolder,229.616,-101.6,-90.0,top
R918,8.2K,R_0603_1608Metric_Pad0.98x0.95mm_HandSolder,225.298,-109.474,-90.0,top
R919,100K,R_0603_1608Metric_Pad0.98x0.95mm_HandSolder,211.328,-108.966,-90.0,top
R920,100K,R_0603_1608Metric_Pad0.98x0.95mm_HandSolder,211.328,-122.682,-90.0,top
R921,100K,R_0603_1608Metric_Pad0.98x0.95mm_HandSolder,194.056,-108.712,-90.0,top
R922,100K,R_0603_1608Metric_Pad0.98x0.95mm_HandSolder,194.056,-122.936,-90.0,top
R923,100K,R_0603_1608Metric_Pad0.98x0.95mm_HandSolder,218.186,-130.81,90.0,top
R924,100K,R_0603_1608Metric_Pad0.98x0.95mm_HandSolder,215.392,-136.906,-90.0,top
R925,1K,R_0603_1608Metric_Pad0.98x0.95mm_HandSolder,208.534,-122.682,-90.0,top
R926,1K,R_0603_1608Metric_Pad0.98x0.95mm_HandSolder,194.056,-137.16,90.0,top
R927,75K,R_0603_1608Metric_Pad0.98x0.95mm_HandSolder,232.664,-93.726,90.0,top
R928,1K,R_0603_1608Metric_Pad0.98x0.95mm_HandSolder,243.078,-123.698,-90.0,top
R1201,1M,R_0603_1608Metric_Pad0.98x0.95mm_HandSolder,6.604,-48.673,-90.0,top
R1202,200K,R_0603_1608Metric_Pad0.98x0.95mm_HandSolder,9.652,-52.991,-90.0,top
R1203,10K,R_0603_1608Metric_Pad0.98x0.95mm_HandSolder,40.06,-37.37,90.0,top
R1204,100K,R_0603_1608Metric_Pad0.98x0.95mm_HandSolder,46.41,-31.655,90.0,top
R1205,100K,R_0603_1608Metric_Pad0.98x0.95mm_HandSolder,29.9,-31.655,90.0,top
R1206,100K,R_0603_1608Metric_Pad0.98x0.95mm_HandSolder,36.25,-31.655,90.0,top
R1207,100K,R_0603_1608Metric_Pad0.98x0.95mm_HandSolder,40.441,-47.5535,-90.0,top
R1208,120K,R_0603_1608Metric_Pad0.98x0.95mm_HandSolder,48.823,-47.657,-90.0,top
R1209,100K,R_0603_1608Metric_Pad0.98x0.95mm_HandSolder,43.235,-47.53,90.0,top
R1210,10K,R_0603_1608Metric_Pad0.98x0.95mm_HandSolder,57.459,-47.657,90.0,top
R1211,10K,R_0603_1608Metric_Pad0.98x0.95mm_HandSolder,51.617,-47.657,90.0,top
R1212,10K,R_0603_1608Metric_Pad0.98x0.95mm_HandSolder,54.411,-47.657,90.0,top
R1213,10K,R_0603_1608Metric_Pad0.98x0.95mm_HandSolder,60.507,-47.657,90.0,top
R1214,2.7K,R_0603_1608Metric_Pad0.98x0.95mm_HandSolder,63.301,-47.657,-90.0,top
R1215,27K,R_0603_1608Metric_Pad0.98x0.95mm_HandSolder,66.349,-47.657,-90.0,top
R1216,270K,R_0603_1608Metric_Pad0.98x0.95mm_HandSolder,69.397,-47.657,-90.0,top
R1217,1M,R_0603_1608Metric_Pad0.98x0.95mm_HandSolder,72.191,-47.657,-90.0,top
R1218,1.5M,R_0603_1608Metric_Pad0.98x0.95mm_HandSolder,55.173,-31.401,-90.0,top
R1219,10M,R_0603_1608Metric_Pad0.98x0.95mm_HandSolder,49.585,-31.401,90.0,top
R1220,1K,R_0603_1608Metric_Pad0.98x0.95mm_HandSolder,24.185,-50.451,-90.0,top
R1221,1K,R_0603_1608Metric_Pad0.98x0.95mm_HandSolder,58.221,-31.401,-90.0,top
R1222,10K,R_0603_1608Metric_Pad0.98x0.95mm_HandSolder,12.7,-53.086,90.0,top
R1223,27K,R_0603_1608Metric_Pad0.98x0.95mm_HandSolder,12.7,-49.53,90.0,top
R1301,1M,R_0603_1608Metric_Pad0.98x0.95mm_HandSolder,290.377,-87.281,90.0,top
R1302,1M,R_0603_1608Metric_Pad0.98x0.95mm_HandSolder,332.033,-84.0825,90.0,top
R1303,200K,R_0603_1608Metric_Pad0.98x0.95mm_HandSolder,296.473,-87.281,-90.0,top
R1304,200K,R_0603_1608Metric_Pad0.98x0.95mm_HandSolder,325.937,-84.0825,90.0,top
R1305,1K,R_0603_1608Metric_Pad0.98x0.95mm_HandSolder,307.903,-85.757,-90.0,top
R1306,1K,R_0603_1608Metric_Pad0.98x0.95mm_HandSolder,323.397,-84.0825,90.0,top
R1307,200K,R_0603_1608Metric_Pad0.98x0.95mm_HandSolder,307.903,-96.171,90.0,top
R1308,200K,R_0603_1608Metric_Pad0.98x0.95mm_HandSolder,332.541,-103.029,90.0,top
R1309,68K,R_0603_1608Metric_Pad0.98x0.95mm_HandSolder,307.903,-92.361,90.0,top
R1310,68K,R_0603_1608Metric_Pad0.98x0.95mm_HandSolder,331.4215,-99.473,180.0,top
R1311,2K,R_0603_1608Metric_Pad0.98x0.95mm_HandSolder,304.855,-84.487,-90.0,top
R1312,2K,R_0603_1608Metric_Pad0.98x0.95mm_HandSolder,319.587,-96.171,90.0,top
R1313,100K,R_0603_1608Metric_Pad0.98x0.95mm_HandSolder,290.631,-99.219,-90.0,top
R1314,100K,R_0603_1608Metric_Pad0.98x0.95mm_HandSolder,341.939,-99.0655,-90.0,top
R1402,15K,R_0603_1608Metric_Pad0.98x0.95mm_HandSolder,309.427,-105.315,-90.0,top
R1403,10K,R_0603_1608Metric_Pad0.98x0.95mm_HandSolder,303.331,-109.887,-90.0,top
R1404,10K,R_0603_1608Metric_Pad0.98x0.95mm_HandSolder,309.427,-109.633,-90.0,top
R1405,10K,R_0603_1608Metric_Pad0.98x0.95mm_HandSolder,306.379,-113.697,90.0,top
R1406,10K,R_0603_1608Metric_Pad0.98x0.95mm_HandSolder,309.427,-117.761,90.0,top
R1407,15K,R_0603_1608Metric_Pad0.98x0.95mm_HandSolder,312.475,-117.761,90.0,top
R1408,5.6K,R_0603_1608Metric_Pad0.98x0.95mm_HandSolder,312.475,-113.697,-90.0,top
R1409,200K,R_0603_1608Metric_Pad0.98x0.95mm_HandSolder,312.475,-101.251,90.0,top
R1502,15K,R_0603_1608Metric_Pad0.98x0.95mm_HandSolder,350.829,-105.2145,-90.0,top
R1503,10K,R_0603_1608Metric_Pad0.98x0.95mm_HandSolder,344.733,-109.7865,-90.0,top
R1504,10K,R_0603_1608Metric_Pad0.98x0.95mm_HandSolder,350.829,-109.5325,-90.0,top
R1505,10K,R_0603_1608Metric_Pad0.98x0.95mm_HandSolder,347.781,-113.5965,90.0,top
R1506,10K,R_0603_1608Metric_Pad0.98x0.95mm_HandSolder,350.829,-117.6605,90.0,top
R1507,15K,R_0603_1608Metric_Pad0.98x0.95mm_HandSolder,353.877,-117.6605,90.0,top
R1508,5.6K,R_0603_1608Metric_Pad0.98x0.95mm_HandSolder,353.877,-113.5965,-90.0,top
R1509,200K,R_0603_1608Metric_Pad0.98x0.95mm_HandSolder,353.877,-101.1505,90.0,top
R1601,140K,R_0603_1608Metric_Pad0.98x0.95mm_HandSolder,38.19,-151.741,90.0,top
R1602,140K,R_0603_1608Metric_Pad0.98x0.95mm_HandSolder,40.984,-151.741,90.0,top
R1603,47K,R_0603_1608Metric_Pad0.98x0.95mm_HandSolder,82.605,-145.193,90.0,top
R1604,47K,R_0603_1608Metric_Pad0.98x0.95mm_HandSolder,52.379,-142.399,90.0,top
R1605,140K,R_0603_1608Metric_Pad0.98x0.95mm_HandSolder,38.19,-146.915,90.0,top
R1606,140K,R_0603_1608Metric_Pad0.98x0.95mm_HandSolder,40.984,-146.915,90.0,top
R1607,100K,R_0603_1608Metric_Pad0.98x0.95mm_HandSolder,49.331,-138.589,90.0,top
R1608,1K,R_0603_1608Metric_Pad0.98x0.95mm_HandSolder,67.146,-167.743,-90.0,top
R1609,470K,R_0603_1608Metric_Pad0.98x0.95mm_HandSolder,41.238,-134.8735,90.0,top
R1610,200K,R_0603_1608Metric_Pad0.98x0.95mm_HandSolder,72.988,-167.743,-90.0,top
R1611,1K,R_0603_1608Metric_Pad0.98x0.95mm_HandSolder,36.92,-167.997,-90.0,top
R1612,200K,R_0603_1608Metric_Pad0.98x0.95mm_HandSolder,31.078,-167.997,-90.0,top
R1701,1M,R_0603_1608Metric_Pad0.98x0.95mm_HandSolder,82.605,-140.113,-90.0,top
R1702,1M,R_0603_1608Metric_Pad0.98x0.95mm_HandSolder,61.523,-128.429,90.0,top
R1703,10K,R_0603_1608Metric_Pad0.98x0.95mm_HandSolder,60.034,-157.893,-90.0,top
R1704,10K,R_0603_1608Metric_Pad0.98x0.95mm_HandSolder,50.601,-157.893,-90.0,top
R1705,200K,R_0603_1608Metric_Pad0.98x0.95mm_HandSolder,66.095,-143.415,-90.0,top
R1706,200K,R_0603_1608Metric_Pad0.98x0.95mm_HandSolder,62.285,-143.415,-90.0,top
R1707,27K,R_0603_1608Metric_Pad0.98x0.95mm_HandSolder,73.461,-140.113,90.0,top
R1708,27K,R_0603_1608Metric_Pad0.98x0.95mm_HandSolder,58.221,-139.859,90.0,top
R1709,1K,R_0603_1608Metric_Pad0.98x0.95mm_HandSolder,76.255,-140.113,-90.0,top
R1710,1K,R_0603_1608Metric_Pad0.98x0.95mm_HandSolder,55.427,-139.859,-90.0,top
R1801,1M,R_0603_1608Metric_Pad0.98x0.95mm_HandSolder,21.114,-131.281,-90.0,top
R1802,1M,R_0603_1608Metric_Pad0.98x0.95mm_HandSolder,24.162,-137.25,90.0,top
R1803,10K,R_0603_1608Metric_Pad0.98x0.95mm_HandSolder,18.574,-159.602,90.0,top
R1804,10K,R_0603_1608Metric_Pad0.98x0.95mm_HandSolder,9.43,-159.602,90.0,top
R1805,200K,R_0603_1608Metric_Pad0.98x0.95mm_HandSolder,11.208,-153.1115,90.0,top
R1806,200K,R_0603_1608Metric_Pad0.98x0.95mm_HandSolder,22.13,-159.602,-90.0,top
R1807,27K,R_0603_1608Metric_Pad0.98x0.95mm_HandSolder,14.002,-153.215,90.0,top
R1808,27K,R_0603_1608Metric_Pad0.98x0.95mm_HandSolder,25.94,-155.6515,90.0,top
R1809,1K,R_0603_1608Metric_Pad0.98x0.95mm_HandSolder,20.606,-146.902,90.0,top
R1810,1K,R_0603_1608Metric_Pad0.98x0.95mm_HandSolder,29.046,-153.773,90.0,top
R1901,140K,R_0603_1608Metric_Pad0.98x0.95mm_HandSolder,308.356,-58.928,90.0,top
R1902,140K,R_0603_1608Metric_Pad0.98x0.95mm_HandSolder,311.15,-58.928,90.0,top
R1903,47K,R_0603_1608Metric_Pad0.98x0.95mm_HandSolder,352.771,-52.38,90.0,top
R1904,47K,R_0603_1608Metric_Pad0.98x0.95mm_HandSolder,322.545,-49.586,90.0,top
R1905,140K,R_0603_1608Metric_Pad0.98x0.95mm_HandSolder,308.356,-54.102,90.0,top
R1906,140K,R_0603_1608Metric_Pad0.98x0.95mm_HandSolder,311.15,-54.102,90.0,top
R1907,100K,R_0603_1608Metric_Pad0.98x0.95mm_HandSolder,319.497,-45.776,90.0,top
R1908,1K,R_0603_1608Metric_Pad0.98x0.95mm_HandSolder,337.312,-74.93,-90.0,top
R1909,470K,R_0603_1608Metric_Pad0.98x0.95mm_HandSolder,311.404,-42.0605,90.0,top
R1910,200K,R_0603_1608Metric_Pad0.98x0.95mm_HandSolder,343.154,-74.93,-90.0,top
R1911,1K,R_0603_1608Metric_Pad0.98x0.95mm_HandSolder,307.086,-75.184,-90.0,top
R1912,200K,R_0603_1608Metric_Pad0.98x0.95mm_HandSolder,301.244,-75.184,-90.0,top
R2001,1M,R_0603_1608Metric_Pad0.98x0.95mm_HandSolder,352.771,-47.3,-90.0,top
R2002,1M,R_0603_1608Metric_Pad0.98x0.95mm_HandSolder,331.689,-35.616,90.0,top
R2003,10K,R_0603_1608Metric_Pad0.98x0.95mm_HandSolder,330.2,-65.08,-90.0,top
R2004,10K,R_0603_1608Metric_Pad0.98x0.95mm_HandSolder,320.767,-65.08,-90.0,top
R2005,200K,R_0603_1608Metric_Pad0.98x0.95mm_HandSolder,336.261,-50.602,-90.0,top
R2006,200K,R_0603_1608Metric_Pad0.98x0.95mm_HandSolder,332.451,-50.602,-90.0,top
R2007,27K,R_0603_1608Metric_Pad0.98x0.95mm_HandSolder,343.627,-47.3,90.0,top
R2008,27K,R_0603_1608Metric_Pad0.98x0.95mm_HandSolder,328.387,-47.046,90.0,top
R2009,1K,R_0603_1608Metric_Pad0.98x0.95mm_HandSolder,346.421,-47.3,-90.0,top
R2010,1K,R_0603_1608Metric_Pad0.98x0.95mm_HandSolder,325.593,-47.046,-90.0,top
R2101,1M,R_0603_1608Metric_Pad0.98x0.95mm_HandSolder,291.28,-38.468,-90.0,top
R2102,1M,R_0603_1608Metric_Pad0.98x0.95mm_HandSolder,294.328,-44.437,90.0,top
R2103,10K,R_0603_1608Metric_Pad0.98x0.95mm_HandSolder,288.74,-66.789,90.0,top
R2104,10K,R_0603_1608Metric_Pad0.98x0.95mm_HandSolder,279.596,-66.789,90.0,top
R2105,200K,R_0603_1608Metric_Pad0.98x0.95mm_HandSolder,281.374,-60.2985,90.0,top
R2106,200K,R_0603_1608Metric_Pad0.98x0.95mm_HandSolder,292.296,-66.789,-90.0,top
R2107,27K,R_0603_1608Metric_Pad0.98x0.95mm_HandSolder,284.168,-60.402,90.0,top
R2108,27K,R_0603_1608Metric_Pad0.98x0.95mm_HandSolder,296.106,-62.8385,90.0,top
R2109,1K,R_0603_1608Metric_Pad0.98x0.95mm_HandSolder,290.772,-54.089,90.0,top
R2110,1K,R_0603_1608Metric_Pad0.98x0.95mm_HandSolder,299.212,-60.96,90.0,top
R2201,330K,R_0603_1608Metric_Pad0.98x0.95mm_HandSolder,200.152,-25.146,90.0,top
R2202,75K,R_0603_1608Metric_Pad0.98x0.95mm_HandSolder,211.582,-30.734,-90.0,top
R2203,20K,R_0603_1608Metric_Pad0.98x0.95mm_HandSolder,200.152,-30.6305,-90.0,top
R2204,24K,R_0603_1608Metric_Pad0.98x0.95mm_HandSolder,205.994,-30.734,-90.0,top
R2205,100K,R_0603_1608Metric_Pad0.98x0.95mm_HandSolder,189.992,-33.274,0.0,top
R2206,1K,R_0603_1608Metric_Pad0.98x0.95mm_HandSolder,208.788,-30.734,90.0,top
R2207,20K,R_0603_1608Metric_Pad0.98x0.95mm_HandSolder,188.468,-21.844,-90.0,top
R2208,20K,R_0603_1608Metric_Pad0.98x0.95mm_HandSolder,194.31,-21.844,90.0,top
R2209,10K,R_0603_1608Metric_Pad0.98x0.95mm_HandSolder,197.104,-20.828,-90.0,top
R2210,10K,R_0603_1608Metric_Pad0.98x0.95mm_HandSolder,191.262,-21.844,90.0,top
R2211,100,R_0603_1608Metric_Pad0.98x0.95mm_HandSolder,191.262,-17.272,90.0,top
R2301,100K,R_0603_1608Metric_Pad0.98x0.95mm_HandSolder,250.444,-54.61,-90.0,top
R2302,100K,R_0603_1608Metric_Pad0.98x0.95mm_HandSolder,259.588,-43.688,-90.0,top
R2303,100K,R_0603_1608Metric_Pad0.98x0.95mm_HandSolder,234.442,-54.61,-90.0,top
R2304,100K,R_0603_1608Metric_Pad0.98x0.95mm_HandSolder,242.316,-43.434,-90.0,top
R2305,100K,R_0603_1608Metric_Pad0.98x0.95mm_HandSolder,212.09,-54.61,-90.0,top
R2306,100K,R_0603_1608Metric_Pad0.98x0.95mm_HandSolder,205.232,-43.688,-90.0,top
R2307,100K,R_0603_1608Metric_Pad0.98x0.95mm_HandSolder,262.636,-43.688,-90.0,top
R2308,100K,R_0603_1608Metric_Pad0.98x0.95mm_HandSolder,245.364,-43.434,-90.0,top
R2309,100K,R_0603_1608Metric_Pad0.98x0.95mm_HandSolder,202.184,-43.688,-90.0,top
R2310,100K,R_0603_1608Metric_Pad0.98x0.95mm_HandSolder,253.492,-54.61,90.0,top
R2311,100K,R_0603_1608Metric_Pad0.98x0.95mm_HandSolder,237.236,-54.61,90.0,top
R2312,100K,R_0603_1608Metric_Pad0.98x0.95mm_HandSolder,209.042,-54.61,90.0,top
R2313,1K,R_0603_1608Metric_Pad0.98x0.95mm_HandSolder,247.396,-54.61,-90.0,top
R2314,1K,R_0603_1608Metric_Pad0.98x0.95mm_HandSolder,231.648,-54.61,-90.0,top
R2315,1K,R_0603_1608Metric_Pad0.98x0.95mm_HandSolder,214.884,-54.61,90.0,top
R2316,100K,R_0603_1608Metric_Pad0.98x0.95mm_HandSolder,196.342,-54.61,-90.0,top
R2317,100K,R_0603_1608Metric_Pad0.98x0.95mm_HandSolder,188.214,-44.45,-90.0,top
R2318,1K,R_0603_1608Metric_Pad0.98x0.95mm_HandSolder,252.984,-64.516,180.0,top
R2319,1K,R_0603_1608Metric_Pad0.98x0.95mm_HandSolder,235.712,-64.516,180.0,top
R2320,1K,R_0603_1608Metric_Pad0.98x0.95mm_HandSolder,211.328,-64.516,0.0,top
R2321,1K,R_0603_1608Metric_Pad0.98x0.95mm_HandSolder,194.056,-64.516,0.0,top
R2322,100K,R_0603_1608Metric_Pad0.98x0.95mm_HandSolder,185.166,-44.45,-90.0,top
R2323,100K,R_0603_1608Metric_Pad0.98x0.95mm_HandSolder,193.548,-54.61,90.0,top
R2324,1K,R_0603_1608Metric_Pad0.98x0.95mm_HandSolder,199.39,-54.61,-90.0,top
R2325,1K,R_0603_1608Metric_Pad0.98x0.95mm_HandSolder,201.168,-76.962,-90.0,top
R2401,1K,R_0603_1608Metric_Pad0.98x0.95mm_HandSolder,214.63,-149.606,-90.0,top
R2402,1K,R_0603_1608Metric_Pad0.98x0.95mm_HandSolder,232.156,-150.876,-90.0,top
R2403,100K,R_0603_1608Metric_Pad0.98x0.95mm_HandSolder,217.805,-149.606,90.0,top
R2404,100K,R_0603_1608Metric_Pad0.98x0.95mm_HandSolder,229.362,-150.876,90.0,top
R2405,100K,R_0603_1608Metric_Pad0.98x0.95mm_HandSolder,214.63,-154.686,-90.0,top
R2406,100K,R_0603_1608Metric_Pad0.98x0.95mm_HandSolder,211.836,-154.686,-90.0,top
R2407,100K,R_0603_1608Metric_Pad0.98x0.95mm_HandSolder,237.998,-156.464,-90.0,top
R2408,100K,R_0603_1608Metric_Pad0.98x0.95mm_HandSolder,240.792,-156.464,90.0,top
R2409,100K,R_0603_1608Metric_Pad0.98x0.95mm_HandSolder,217.805,-154.686,-90.0,top
R2410,100K,R_0603_1608Metric_Pad0.98x0.95mm_HandSolder,234.95,-156.464,-90.0,top
R2411,1K,R_0603_1608Metric_Pad0.98x0.95mm_HandSolder,220.726,-154.686,90.0,top
R2412,1K,R_0603_1608Metric_Pad0.98x0.95mm_HandSolder,232.156,-156.464,90.0,top
R2413,10K,R_0603_1608Metric_Pad0.98x0.95mm_HandSolder,184.404,-177.8,-90.0,top
R2414,10K,R_0603_1608Metric_Pad0.98x0.95mm_HandSolder,184.404,-163.83,-90.0,top
R2415,10K,R_0603_1608Metric_Pad0.98x0.95mm_HandSolder,262.382,-177.546,-90.0,top
R2416,10K,R_0603_1608Metric_Pad0.98x0.95mm_HandSolder,262.128,-163.576,-90.0,top
R2501,1M,R_0603_1608Metric_Pad0.98x0.95mm_HandSolder,291.084,-125.73,90.0,top
R2502,1M,R_0603_1608Metric_Pad0.98x0.95mm_HandSolder,319.024,-125.984,90.0,top
R2503,200K,R_0603_1608Metric_Pad0.98x0.95mm_HandSolder,297.434,-125.73,90.0,top
R2504,200K,R_0603_1608Metric_Pad0.98x0.95mm_HandSolder,312.674,-125.984,90.0,top
R2505,2.2K,R_0603_1608Metric_Pad0.98x0.95mm_HandSolder,304.546,-148.336,-90.0,top
R2506,6.8K,R_0603_1608Metric_Pad0.98x0.95mm_HandSolder,295.402,-143.51,90.0,top
R2507,2.2K,R_0603_1608Metric_Pad0.98x0.95mm_HandSolder,319.405,-149.3285,-90.0,top
R2508,6.8K,R_0603_1608Metric_Pad0.98x0.95mm_HandSolder,336.55,-149.2485,-90.0,top
R2509,2.2K,R_0603_1608Metric_Pad0.98x0.95mm_HandSolder,292.608,-148.336,-90.0,top
R2510,6.8K,R_0603_1608Metric_Pad0.98x0.95mm_HandSolder,298.5535,-148.336,-90.0,top
R2511,2.2K,R_0603_1608Metric_Pad0.98x0.95mm_HandSolder,330.962,-149.352,-90.0,top
R2512,6.8K,R_0603_1608Metric_Pad0.98x0.95mm_HandSolder,325.247,-149.352,-90.0,top
R2513,1K,R_0603_1608Metric_Pad0.98x0.95mm_HandSolder,292.608,-134.874,90.0,top
R2514,1K,R_0603_1608Metric_Pad0.98x0.95mm_HandSolder,319.278,-134.62,90.0,top
R2515,200K,R_0603_1608Metric_Pad0.98x0.95mm_HandSolder,286.258,-134.874,90.0,top
R2516,200K,R_0603_1608Metric_Pad0.98x0.95mm_HandSolder,325.628,-134.62,90.0,top
R2601,1M,R_0603_1608Metric_Pad0.98x0.95mm_HandSolder,284.226,-174.1405,-90.0,top
R2602,200K,R_0603_1608Metric_Pad0.98x0.95mm_HandSolder,290.576,-174.244,-90.0,top
R2603,100K,R_0603_1608Metric_Pad0.98x0.95mm_HandSolder,329.438,-173.736,-90.0,top
R2604,20K,R_0603_1608Metric_Pad0.98x0.95mm_HandSolder,332.486,-173.736,-90.0,top
R2605,1K,R_0603_1608Metric_Pad0.98x0.95mm_HandSolder,310.388,-162.323,90.0,top
R2606,100K,R_0603_1608Metric_Pad0.98x0.95mm_HandSolder,297.942,-174.244,-90.0,top
R2607,100K,R_0603_1608Metric_Pad0.98x0.95mm_HandSolder,326.39,-173.736,90.0,top
R2608,10K,R_0603_1608Metric_Pad0.98x0.95mm_HandSolder,316.992,-162.4095,90.0,top
R2609,20K,R_0603_1608Metric_Pad0.98x0.95mm_HandSolder,300.99,-174.244,90.0,top
R2610,20K,R_0603_1608Metric_Pad0.98x0.95mm_HandSolder,323.342,-173.736,-90.0,top
R2611,1K,R_0603_1608Metric_Pad0.98x0.95mm_HandSolder,338.836,-173.736,-90.0,top
R2612,200K,R_0603_1608Metric_Pad0.98x0.95mm_HandSolder,345.186,-173.736,-90.0,top
R2701,100K,R_0603_1608Metric_Pad0.98x0.95mm_HandSolder,98.298,-52.07,-90.0,top
R2702,1K,R_0603_1608Metric_Pad0.98x0.95mm_HandSolder,94.996,-47.752,90.0,top
R2703,10K,R_0603_1608Metric_Pad0.98x0.95mm_HandSolder,98.298,-47.752,90.0,top
R2704,1K,R_0603_1608Metric_Pad0.98x0.95mm_HandSolder,162.814,-47.498,90.0,top
R2801,10K,R_0603_1608Metric_Pad0.98x0.95mm_HandSolder,327.207,-194.977,-90.0,top
R2802,10K,R_0603_1608Metric_Pad0.98x0.95mm_HandSolder,327.207,-199.041,-90.0,top
R2803,10K,R_0603_1608Metric_Pad0.98x0.95mm_HandSolder,339.145,-200.819,90.0,top
R2804,10K,R_0603_1608Metric_Pad0.98x0.95mm_HandSolder,341.939,-200.819,-90.0,top
R2805,10,R_0805_2012Metric_Pad1.20x1.40mm_HandSolder,330.255,-192.945,90.0,top
R2806,10,R_0805_2012Metric_Pad1.20x1.40mm_HandSolder,342.447,-194.977,90.0,top
R2901,1M,R_0603_1608Metric_Pad0.98x0.95mm_HandSolder,36.885,-4.731,90.0,top
R2902,1M,R_0603_1608Metric_Pad0.98x0.95mm_HandSolder,277.677,-13.621,90.0,top
R2903,1M,R_0603_1608Metric_Pad0.98x0.95mm_HandSolder,43.235,-4.477,90.0,top
R2904,200K,R_0603_1608Metric_Pad0.98x0.95mm_HandSolder,271.327,-13.367,-90.0,top
R2905,3.3K,R_0603_1608Metric_Pad0.98x0.95mm_HandSolder,46.283,-4.477,90.0,top
R2906,3.3K,R_0603_1608Metric_Pad0.98x0.95mm_HandSolder,271.327,-7.525,-90.0,top
R2907,200K,R_0603_1608Metric_Pad0.98x0.95mm_HandSolder,53.141,-10.573,90.0,top
R2908,200K,R_0603_1608Metric_Pad0.98x0.95mm_HandSolder,277.677,-7.525,90.0,top
R2909,1M,R_0603_1608Metric_Pad0.98x0.95mm_HandSolder,79.049,-4.731,90.0,top
R2910,1M,R_0603_1608Metric_Pad0.98x0.95mm_HandSolder,320.349,-13.621,90.0,top
R2911,1M,R_0603_1608Metric_Pad0.98x0.95mm_HandSolder,85.399,-4.731,90.0,top
R2912,200K,R_0603_1608Metric_Pad0.98x0.95mm_HandSolder,313.745,-13.621,-90.0,top
R2913,3.3K,R_0603_1608Metric_Pad0.98x0.95mm_HandSolder,88.193,-4.731,90.0,top
R2914,3.3K,R_0603_1608Metric_Pad0.98x0.95mm_HandSolder,313.745,-7.525,-90.0,top
R2915,200K,R_0603_1608Metric_Pad0.98x0.95mm_HandSolder,95.051,-11.335,90.0,top
R2916,200K,R_0603_1608Metric_Pad0.98x0.95mm_HandSolder,320.349,-7.525,90.0,top
RL2401,G2RL-2-DC5,Relay_Fujitsu_FTR-B3S,223.52,-202.315,0.0,top
RL2402,G2RL-2-DC5,Relay_Fujitsu_FTR-B3S,223.52,-182.122,0.0,top
RV201,100K,Potentiometer_Bourns_3314J_Vertical,20.32,-198.12,90.0,top
RV202,1K,Potentiometer_Bourns_3314J_Vertical,41.148,-199.644,90.0,top
RV203,1K,Potentiometer_Bourns_3314J_Vertical,58.928,-198.628,90.0,top
RV204,100K,Potentiometer_Bourns_3314J_Vertical,63.754,-191.77,-90.0,top
RV301,B100K,V2_TRIM_R0904NB10KL-25KQ-,104.0018,-103.8618,0.0,bottom
RV302,B100K,V2_TRIM_R0904NB10KL-25KQ-,145.5764,-103.858,0.0,bottom
RV303,B100K,V2_TRIM_R0904NB10KL-25KQ-,121.35,-109.85,0.0,bottom
RV304,B100K,V2_TRIM_R0904NB10KL-25KQ-,162.8864,-109.858,0.0,bottom
RV401,B100K,V2_TRIM_R0904NB10KL-25KQ-,104.0254,-148.0138,0.0,bottom
RV402,B100K,V2_TRIM_R0904NB10KL-25KQ-,145.6,-148.01,0.0,bottom
RV403,B100K,V2_TRIM_R0904NB10KL-25KQ-,121.3736,-154.002,0.0,bottom
RV404,B100K,V2_TRIM_R0904NB10KL-25KQ-,162.91,-154.01,0.0,bottom
RV501,B100K,V2_TRIM_R0904NB10KL-25KQ-,104.0254,-192.1438,0.0,bottom
RV502,B100K,V2_TRIM_R0904NB10KL-25KQ-,145.6,-192.14,0.0,bottom
RV503,B100K,V2_TRIM_R0904NB10KL-25KQ-,121.3736,-198.132,0.0,bottom
RV504,B100K,V2_TRIM_R0904NB10KL-25KQ-,162.91,-198.14,0.0,bottom
RV801,B100K,V2_TRIM_R0904NB10KL-25KQ-,72.88,-105.12,0.0,bottom
RV802,B100K,V2_TRIM_R0904NB10KL-25KQ-,55.575,-105.125,0.0,bottom
RV803,B100K,V2_TRIM_R0904NB10KL-25KQ-,31.33,-105.11,0.0,bottom
RV804,B100K,V2_TRIM_R0904NB10KL-25KQ-,14.11,-105.12,0.0,bottom
RV901,100K,Potentiometer_Bourns_3314J_Vertical,203.454,-136.652,90.0,top
RV902,1K,Potentiometer_Bourns_3314J_Vertical,203.2,-108.712,90.0,top
RV903,100K,Potentiometer_Bourns_3314J_Vertical,244.094,-136.398,-90.0,top
RV904,1K,Potentiometer_Bourns_3314J_Vertical,245.11,-108.712,90.0,top
RV1201,A100K,V2_TRIM_R0904NB10KL-25KQ-,31.279,-41.161,0.0,bottom
RV1601,A100K,V2_TRIM_R0904NB10KL-25KQ-,72.825,-148.155,0.0,bottom
RV1602,A100K,V2_TRIM_R0904NB10KL-25KQ-,55.515,-148.155,0.0,bottom
RV1603,B100K,V2_TRIM_R0904NB10KL-25KQ-,31.274,-140.95,0.0,bottom
RV1901,A100K,V2_TRIM_R0904NB10KL-25KQ-,342.991,-55.342,0.0,bottom
RV1902,A100K,V2_TRIM_R0904NB10KL-25KQ-,325.681,-55.342,0.0,bottom
RV1903,B100K,V2_TRIM_R0904NB10KL-25KQ-,301.44,-48.137,0.0,bottom
RV2301,B100K,V2_TRIM_R0904NB10KL-25KQ-,252.96,-63.181,0.0,bottom
RV2302,B100K,V2_TRIM_R0904NB10KL-25KQ-,235.65,-63.181,0.0,bottom
RV2303,B100K,V2_TRIM_R0904NB10KL-25KQ-,211.4,-63.181,0.0,bottom
RV2304,B100K,V2_TRIM_R0904NB10KL-25KQ-,194.08,-63.181,0.0,bottom
RV2501,B10K,V2_TRIM_R0904NB10KL-25KQ-,301.424,-136.104,0.0,bottom
RV2502,B10K,V2_TRIM_R0904NB10KL-25KQ-,342.985,-136.105,0.0,bottom
RV2701,B100K,V2_TRIM_R0904NB10KL-25KQ-,121.35,-41.17,0.0,bottom
RV2702,B100K,V2_TRIM_R0904NB10KL-25KQ-,145.6,-41.16,0.0,bottom
SW1701,SW_DIP_x02,SW_DIP_SPSTx02_Slide_9.78x7.26mm_W7.62mm_P2.54mm,55.519,-162.753,90.0,bottom
SW1801,SW_DIP_x02,SW_DIP_SPSTx02_Slide_9.78x7.26mm_W7.62mm_P2.54mm,13.963,-162.7535,90.0,bottom
SW2001,SW_DIP_x02,SW_DIP_SPSTx02_Slide_9.78x7.26mm_W7.62mm_P2.54mm,325.685,-69.94,90.0,bottom
SW2101,SW_DIP_x02,SW_DIP_SPSTx02_Slide_9.78x7.26mm_W7.62mm_P2.54mm,284.129,-69.9405,90.0,bottom
SW2301,SW_DIP_x08,SW_DIP_SPSTx08_Slide_9.78x22.5mm_W7.62mm_P2.54mm,223.525,-77.981,90.0,bottom
SW2701,SW_DIP_x02,SW_DIP_SPSTx02_Slide_9.78x7.26mm_W7.62mm_P2.54mm,133.55,-41.96,90.0,bottom
U201,LM13700,SOIC-16_3.9x9.9mm_P1.27mm,50.024,-200.348,0.0,top
U202,TL972,SOIC-8_3.9x4.9mm_P1.27mm,41.91,-190.5,0.0,top
U203,TL072,SOIC-8_3.9x4.9mm_P1.27mm,43.434,-180.594,0.0,top
U301,OPA4991,SOIC-14_3.9x8.7mm_P1.27mm,133.4989,-80.386,0.0,top
U302,TL072,SOIC-8_3.9x4.9mm_P1.27mm,133.4404,-96.134,0.0,top
U401,OPA4991,SOIC-14_3.9x8.7mm_P1.27mm,133.5225,-124.538,0.0,top
U402,TL072,SOIC-8_3.9x4.9mm_P1.27mm,133.464,-140.286,0.0,top
U501,OPA4991,SOIC-14_3.9x8.7mm_P1.27mm,133.5225,-168.668,0.0,top
U502,TL072,SOIC-8_3.9x4.9mm_P1.27mm,133.464,-184.416,0.0,top
U601,TL074,SOIC-14_3.9x8.7mm_P1.27mm,43.499,-82.804,0.0,top
U602,TL074,SOIC-14_3.9x8.7mm_P1.27mm,43.434,-97.536,0.0,top
U603,SSI2164,SOIC-16_3.9x9.9mm_P1.27mm,43.434,-114.3,0.0,top
U701,OPA4991,SOIC-14_3.9x8.7mm_P1.27mm,45.974,-67.056,0.0,top
U702,TL972,SOIC-8_3.9x4.9mm_P1.27mm,62.708,-77.856,0.0,top
U801,TL074,SOIC-14_3.9x8.7mm_P1.27mm,64.262,-95.504,0.0,top
U802,TL074,SOIC-14_3.9x8.7mm_P1.27mm,22.606,-95.504,0.0,top
U901,OPA4991,SOIC-14_3.9x8.7mm_P1.27mm,223.774,-96.774,0.0,top
U902,OPA4991,SOIC-14_3.9x8.7mm_P1.27mm,223.774,-134.366,0.0,top
U903,LM13700,SOIC-16_3.9x9.9mm_P1.27mm,223.774,-118.618,0.0,top
U1201,TL072,SOIC-8_3.9x4.9mm_P1.27mm,18.343,-48.927,0.0,top
U1202,TL074,SOIC-14_3.9x8.7mm_P1.27mm,45.775,-40.545,0.0,top
U1301,TL072,SOIC-8_3.9x4.9mm_P1.27mm,313.745,-86.773,0.0,top
U1302,TL972,SOIC-8_3.9x4.9mm_P1.27mm,313.745,-94.647,0.0,top
U1303,L78L05_SOT89,SOT-89-3,277.677,-113.443,-90.0,top
U1401,PT2399,SOP-16_3.9x9.9mm_P1.27mm,296.981,-113.443,0.0,top
U1501,PT2399,SOP-16_3.9x9.9mm_P1.27mm,338.383,-113.3425,0.0,top
U1601,TL072,SOIC-8_3.9x4.9mm_P1.27mm,43.27,-141.327,0.0,top
U1701,TL072,SOIC-8_3.9x4.9mm_P1.27mm,64.262,-138.43,0.0,top
U1801,TL072,SOIC-8_3.9x4.9mm_P1.27mm,19.844,-154.2545,0.0,top
U1901,TL072,SOIC-8_3.9x4.9mm_P1.27mm,313.436,-48.514,0.0,top
U2001,TL072,SOIC-8_3.9x4.9mm_P1.27mm,334.428,-45.617,0.0,top
U2101,TL072,SOIC-8_3.9x4.9mm_P1.27mm,290.01,-61.4415,0.0,top
U2201,TL072,SOIC-8_3.9x4.9mm_P1.27mm,191.516,-27.94,0.0,top
U2202,StompLFO,DIP-8_W7.62mm,223.52,-40.64,0.0,top
U2203,L78L05_SOT89,SOT-89-3,227.33,-30.226,90.0,top
U2301,MCP6004,SOIC-14_3.9x8.7mm_P1.27mm,224.028,-55.626,0.0,top
U2401,TL072,SOIC-8_3.9x4.9mm_P1.27mm,223.52,-149.225,0.0,top
U2402,4013,SOIC-14_3.9x8.7mm_P1.27mm,223.455,-162.814,0.0,top
U2501,TL074,SOIC-14_3.9x8.7mm_P1.27mm,313.436,-147.32,0.0,top
U2601,TL074,SOIC-14_3.9x8.7mm_P1.27mm,313.69,-171.196,0.0,top
U2701,TL972,SOIC-8_3.9x4.9mm_P1.27mm,104.14,-51.054,0.0,top
U2801,L78L05_SOT89,SOT-89-3,290.885,-194.469,90.0,top
U2802,TL972,SOIC-8_3.9x4.9mm_P1.27mm,333.303,-197.771,0.0,top
